{"sum": 6447573.0, "avr": 198.0212837837838, "sumMD": 28732.0, "avrMD": 130.6, "sumSD": 27887.0, "avrSD": 126.75909090909092, "max": 375.0, "min": 22.0}